<?xml version="1.0" encoding="UTF-8"?>
<beans xmlns="http://www.springframework.org/schema/beans"
    xmlns:xsi="http://www.w3.org/2001/XMLSchema-instance"
    xmlns:context="http://www.springframework.org/schema/context"    
    xsi:schemaLocation="
        http://www.springframework.org/schema/beans
        http://www.springframework.org/schema/beans/spring-beans-4.0.xsd 
        http://www.springframework.org/schema/context
        http://www.springframework.org/schema/context/spring-context-4.0.xsd">

 <!--  <bean id="vehicle" class="com.demo.maven.Bike"></bean> -->
 <context:component-scan base-package="com.demo.maven" ></context:component-scan>  
 <bean id="tyre" class="com.demo.maven.Tyre">
 
 <!-- when you use the constuctor so property will not use  -->
 <!--<property name= "brand" value = "MRF"></property> -->
 <constructor-arg value ="MRS"></constructor-arg>
 
 </bean>
 

</beans>
